code,pe,pb,market_cap,score,suggest,reason
000858.SZ,15.7963,3.7426,0.51035382,65,✅ BUY,"The stock shows mixed signals. Positive aspects include a neutral RSI (50), reasonable PE (15.8), positive news sentiment, and healthy volume change (+5.5%). However, negative factors include negative MA_diff (-5.45) and MACD (-3.81), indicating potential downward momentum, and high PB (3.74) suggesting overvaluation. The debt ratio (23.3%) is acceptable, but missing key data like ROE and profit growth limits full assessment. Overall, the stock is moderately attractive but with some concerning technical indicators."
000651.SZ,8.3968,2.0526,0.25934509,65,✅ BUY,"The stock shows a mix of positive and neutral indicators. The RSI is neutral at 50, indicating no overbought or oversold conditions. The MA_diff and MACD are positive, suggesting upward momentum. The PE ratio is low at 8.4, indicating potential undervaluation, and the PB ratio is moderate at 2.05. Volatility is low (0.0197), which is favorable. The news sentiment is positive, supporting market confidence. However, momentum_10 is slightly negative, and volume_change is negative (-0.212), indicating some weakness in recent trading activity. The debt ratio is moderately high (0.615), which is a concern. Missing data for ROE, turnover_rate, profit_growth, PS, and net_profit_margin limits a full assessment. Overall, the stock has solid fundamentals and positive momentum but is weighed down by some negative volume trends and high debt."
002352.SZ,20.4968,2.1683,0.19650563,65,✅ BUY,"The stock shows a balanced RSI of 50, indicating neither overbought nor oversold conditions. The PE ratio of 20.5 is reasonable, suggesting fair valuation, while the PB ratio of 2.17 is moderate. Positive news sentiment and a decent volume change of 0.5 are favorable. However, negative MA_diff and MACD values indicate some short-term bearish momentum, and the debt ratio of 0.5 is moderately high. Volatility is low at 0.016, suggesting stability. Missing data for ROE, profit growth, and other factors limits a fuller assessment. Overall, the stock is fairly valued with mixed signals."
000725.SZ,33.5571,1.2481,0.16225002,65,✅ BUY,"The stock shows mixed signals. Positive aspects include a neutral RSI (50), positive news sentiment, and reasonable PE (33.5571) and PB (1.2481) ratios. However, negative factors include a negative MA_diff (-0.07) and MACD (-0.021557456053622026), low momentum (0.01650943396226401), and negative volume change (-0.007042837949844635). The debt ratio (0.5242871347973708) is moderate. Overall, the stock is slightly above average but with some concerning technical indicators."
600000.SH,6.8205,0.4683,0.29968574,65,✅ BUY,"The stock shows a neutral RSI (50), indicating no overbought or oversold conditions. The MA_diff is flat (0.0), suggesting no strong trend. The PE (6.82) and PB (0.47) are low, indicating potential undervaluation. Volatility is low (0.0098), which is favorable for stability. The news sentiment is positive, and MACD (0.10) and momentum (0.0079) are slightly positive, suggesting mild upward potential. However, the high debt ratio (0.92) is a significant risk, and the negative volume change (-0.09) indicates reduced trading interest. Missing data (e.g., ROE, profit growth) limits a full assessment. Overall, the stock is undervalued with some positive signals but carries high financial risk."
600036.SH,6.9665,0.8432,1.03376147,65,✅ BUY,综合评估各项因子：RSI处于中性水平（50），MA_diff和MACD显示短期趋势向好（0.73和0.57），PE和PB较低（6.97和0.84），显示估值吸引力；市场情绪积极（news_sentiment为positive），但债务比率较高（0.90）且成交量下降（volume_change为-0.025）。波动率较低（0.0091）和布林带宽度适中（2.94）显示市场稳定。部分关键数据缺失（如ROE、profit_growth）限制了全面评估。总体中性偏积极，但需警惕高负债和成交量萎缩风险。
000333.SZ,15.0468,2.7158,0.56728871,65,✅ BUY,"The stock shows a mix of positive and negative signals. The RSI is neutral at 50, indicating no overbought or oversold conditions. The PE ratio is relatively low at 15.05, suggesting the stock might be undervalued. The PB ratio is moderate at 2.72. The MACD is positive, indicating potential upward momentum, but the momentum_10 is slightly negative. The news sentiment is positive, which is a good sign. However, the MA_diff is negative, and the volume_change is also negative, indicating some weakness in price trends and trading activity. The debt ratio is moderately high at 0.62, which could be a concern. Overall, the stock has some positive fundamentals and sentiment but also shows signs of weakness in momentum and volume."
600031.SH,24.7221,1.8573,0.13170116,65,✅ BUY,"The stock shows a neutral RSI (50), indicating neither overbought nor oversold conditions. The PE ratio (24.72) and PB ratio (1.86) are reasonable, suggesting fair valuation. Market sentiment is positive, supported by the 'positive' news sentiment and a modest volume increase (15.69%). However, negative MA_diff (-0.46) and MACD (-0.39) indicate short-term bearish momentum, while low volatility (1.54%) suggests limited price movement. The debt ratio (52.02%) is moderate but not alarming. Missing data (e.g., ROE, profit growth) limits a fuller assessment. Overall, the stock is fairly valued with mixed signals, warranting a moderate score."
600048.SH,15.7375,0.5299,0.10366404,60,✅ BUY,"The stock shows mixed signals. Positive aspects include a neutral RSI (50), low PE (15.7375) and PB (0.5299) ratios indicating potential undervaluation, positive news sentiment, and decent volume growth (+23%). However, negative factors include negative MA_diff (-0.22) and MACD (-0.292) suggesting weak momentum, high debt ratio (74.34%), and missing key data like ROE and profit growth. The volatility is low (0.0136), which is generally positive for conservative investors. Overall, the stock appears moderately attractive with some value characteristics but significant risks and missing data points."
600309.SH,13.9871,2.282,0.21268644,60,✅ BUY,"The stock shows mixed signals. Positive aspects include a neutral RSI (50), low PE (13.99), positive news sentiment, and decent volume growth (15.37%). However, negative factors include negative MA_diff (-3.5), negative MACD (-1.99), negative momentum (-0.028), high debt ratio (64.72%), and missing key data like ROE and profit growth. The PB ratio (2.28) is moderate, and volatility is low (0.014), indicating stability. Overall, the stock is average with some concerning technical indicators and missing fundamental data."
002415.SZ,19.4349,3.3807,0.25972987,60,✅ BUY,"The stock shows mixed signals. Positive aspects include a neutral RSI (50), reasonable PE (19.43), positive news sentiment, and a healthy debt ratio (33.72%). Negative aspects include negative MA_diff (-1.51), negative MACD (-0.73), negative momentum (-0.05), and negative volume change (-12.84%). The PB ratio (3.38) is slightly high, and volatility is low (0.0139). Missing data for ROE, turnover rate, profit growth, and PS limits a full assessment. Overall, the stock is average with some concerning technical indicators but solid fundamentals."
600030.SH,20.0871,1.5488,0.4038599,55,✅ BUY,"The stock shows mixed signals. Positive aspects include a neutral RSI (50), reasonable PE (20.09) and PB (1.55) ratios, positive news sentiment, and low volatility (0.0177). However, negative factors include negative MA_diff (-1.37) and MACD (-0.83), slight negative momentum (-0.007), declining volume (-0.048), and high debt ratio (0.825). The absence of key data like ROE and profit growth limits full assessment. Overall, it's slightly above average but with notable weaknesses."
600438.SH,-14.5925,1.9729,0.09778310999999999,55,✅ BUY,综合评估：RSI中性（50），MA_diff和MACD显示短期弱势（负值），PE为负（-14.59）可能反映盈利异常或行业特性，PB合理（1.97），低波动率（0.0248）显示风险较低，新闻情绪积极，动量略负（-0.017），债务比率适中（55%），但缺乏ROE、利润增长等关键数据。整体中性偏弱，但积极情绪和低波动提供支撑。
300750.SZ,22.471,4.6446,1.10055837,55,✅ BUY,综合评估如下：1. RSI（50）处于中性区间，显示市场无明显超买或超卖；2. MA_diff（-7.64）和MACD（-3.75）显示短期趋势偏弱；3. PE（22.47）和PB（4.64）估值处于合理偏高范围；4. 波动率（0.0182）较低，市场相对稳定；5. 新闻情绪（positive）对市场有积极影响；6. 动量（-0.034）和成交量变化（-0.048）显示短期动能不足；7. 债务比率（64.74%）较高，可能增加财务风险。总体中性偏弱，但新闻情绪和估值部分抵消了技术指标的负面信号。
002714.SZ,24.6905,2.7936,0.19900863,55,✅ BUY,"The stock shows mixed signals. Positive aspects include a neutral RSI (50), reasonable PE (24.69) and PB (2.79) ratios, positive news sentiment, and moderate volatility (0.0142). Negative aspects include negative MA_diff (-1.17), negative MACD (-0.82), negative momentum_10 (-0.03), negative volume_change (-0.04), and a relatively high debt ratio (0.59). The lack of data for ROE, turnover_rate, profit_growth, PS, and net_profit_margin limits a full assessment. Overall, the stock is slightly above average but with notable weaknesses."
600519.SH,21.9741,7.6435,1.81693937,55,✅ BUY,"The stock shows mixed signals. Positive aspects include a neutral RSI (50), positive news sentiment, and a reasonable PE ratio (21.97). However, negative factors are significant, such as a large negative MA difference (-33.47), negative MACD (-17.50), and negative momentum (-0.028). The PB ratio is high (7.64), indicating potential overvaluation. Volatility is low (0.012), which could be positive or negative depending on market context. The debt ratio is low (0.19), which is favorable. Missing data for ROE, turnover rate, and profit growth limits a full assessment. Overall, the stock is slightly above average but with notable risks."
600104.SH,20.3398,0.6675,0.19539104999999998,55,✅ BUY,"The stock shows mixed signals. Positive aspects include a neutral RSI (50), reasonable PE (20.34) and PB (0.67) ratios, positive news sentiment, and moderate volatility (0.0436). Negative aspects include negative MA_diff (-1.45), negative MACD (-0.30), negative momentum_10 (-0.11), negative volume_change (-0.078), and high debt_ratio (0.64). The absence of key data like ROE and profit_growth limits full assessment. Overall, the stock is average with some concerning technical indicators."
002236.SZ,6.7474,1.3804,0.04936898,55,✅ BUY,综合评估：RSI中性（50），MA_diff和MACD显示短期弱势（负值），PE和PB估值较低（6.75和1.38），波动率较低（0.0198），新闻情绪积极（positive），但动量（momentum_10）和成交量变化（volume_change）为负。债务比率合理（29.5%），但缺乏ROE、周转率等关键数据。整体中性偏弱，但低估值和积极情绪提供支撑。
601318.SH,7.6476,0.9878,0.89685405,55,✅ BUY,"The stock shows mixed signals. Positive aspects include a neutral RSI (50), low PE (7.6476) and PB (0.9878) ratios indicating potential undervaluation, positive news sentiment, and low volatility (0.009). However, negative factors include negative MA_diff (-2.27) and MACD (-1.323), negative momentum (-0.028), declining volume (-0.171), and high debt ratio (0.899). The absence of key data like ROE and profit growth limits a fuller assessment. Overall, the stock is slightly above average due to valuation and sentiment, but technical indicators and financial health are concerning."
000001.SZ,4.8234,0.5339,0.22452647,45,✅ BUY,"The stock shows mixed signals. Positive aspects include a neutral RSI (50), low PE (4.82) and PB (0.53) suggesting undervaluation, positive news sentiment, and slight positive momentum (0.012). However, negative factors include a negative MA_diff (-0.2) and MACD (-0.05), high debt ratio (0.91), and missing key data like ROE and profit growth. The volatility is low (0.0088), which is good, but the overall picture is cautious due to weak technicals and high leverage."
